Source URL,Captured file,Source HTTP status,SHA-256
https://floka.casethemes.net,index.html,200,518ebc5e925eeb5466568eeb619027c4a3094bb9db5ae0e9d20a5a4187340365
https://floka.casethemes.net/,index.html,200,518ebc5e925eeb5466568eeb619027c4a3094bb9db5ae0e9d20a5a4187340365
https://floka.casethemes.net/404-error,404-error/index.html,404,458765b0ee864480620805877864af918b49d17d4713e58bca995d1a0f226c44
https://floka.casethemes.net/about-us/,about-us/index.html,200,3743506de2a6b234b78061f9634d5c0c97b7f0d904e86385ada391ba8b7314d1
https://floka.casethemes.net/author/admin/,author/admin/index.html,200,b57f13821270342d4ef386dc234bc1a1f63169fba930231ce5e8c91c33f67082
https://floka.casethemes.net/author/admin/page/2/,author/admin/page/2/index.html,200,6ac19ffef99da8b5990d5ea699a004e9df9c949865b7ed1163c36211bfa21341
https://floka.casethemes.net/author/admin/page/3/,author/admin/page/3/index.html,200,ee8c308a86f63069ca395b39a46af004b0268df34042ed0ee1c0de812dde6a5f
https://floka.casethemes.net/author/admin/page/4/,author/admin/page/4/index.html,200,bd07271cc1c8b3492b6daedc248eb2e081604908d0eef1ff18124c49514f4bf6
https://floka.casethemes.net/author/admin/page/5/,author/admin/page/5/index.html,200,173ea640c902c6b384f846597673adf13d9e62cd2a85748b8540a8223e45e109
https://floka.casethemes.net/blog-grid/,blog-grid/index.html,200,9e40992afd01f9b481cbed65a4a41ae3f6466a4df71161783a4292ef75ea4eda
https://floka.casethemes.net/blog-standard/,blog-standard/index.html,200,733ee7992407792ad8b0b9861a0cf85beae7f88e0467832cbb5e868cdc0facc8
https://floka.casethemes.net/blog-standard/?sidebar-blog=0,blog-standard/_variant-967222dce0/index.html,200,28480000e11e8f2b40869e5500ad5c2e72998d8987d968149ef98c3c852f03ca
https://floka.casethemes.net/blog-standard/?sidebar-blog=left,blog-standard/_variant-c9aa1404d4/index.html,200,ccb174ec0ca474b66caff5017f207479a5128fe27f845f68c6b3b35a831062df
https://floka.casethemes.net/blog-standard/?sidebar-blog=right,blog-standard/_variant-0ff70342ea/index.html,200,179609944cdc9f5afacd93c9017f9f750288753b3ec7c3ad231b41e98a9f3fca
https://floka.casethemes.net/blog-standard/page/2/,blog-standard/page/2/index.html,200,734d34bd0163bf9208e44d517580930e921fa866591af728770ef734114d7f6f
https://floka.casethemes.net/blog-standard/page/2/?sidebar-blog=0,blog-standard/page/2/_variant-967222dce0/index.html,200,b3954e08b0bc1e0918543c2e839e1e0e7d34a52e590582901cc59e4676d877c8
https://floka.casethemes.net/blog-standard/page/2/?sidebar-blog=left,blog-standard/page/2/_variant-c9aa1404d4/index.html,200,4a7f69e9e0cff430124cbd2306da26c2d195768a8878b783e129ef874a724f74
https://floka.casethemes.net/blog-standard/page/2/?sidebar-blog=right,blog-standard/page/2/_variant-0ff70342ea/index.html,200,6ace01aa74c3885a505e569d56cf72635f4d11c450e211ef78a707a5ea9e752a
https://floka.casethemes.net/blog-standard/page/3/,blog-standard/page/3/index.html,200,2b56179287e98e38d9e557d8b1fe3bb583aeb2f69b887e6b8a63c67bf78b07e6
https://floka.casethemes.net/blog-standard/page/3/?sidebar-blog=0,blog-standard/page/3/_variant-967222dce0/index.html,200,4f5426317aed8075077099ce175e4a7979945a14827f273b9d6ffdb54f657c0f
https://floka.casethemes.net/blog-standard/page/3/?sidebar-blog=left,blog-standard/page/3/_variant-c9aa1404d4/index.html,200,ccec1ab9a0ae8a77992a0ba77c1d4a93b5ed1e0551b5fc36fa621680e341728d
https://floka.casethemes.net/blog-standard/page/3/?sidebar-blog=right,blog-standard/page/3/_variant-0ff70342ea/index.html,200,a1e2b7736df288daca2b28832de288dda3a0aedf61f1144a6ae7c282fca99b22
https://floka.casethemes.net/blog-standard/page/4/,blog-standard/page/4/index.html,200,61c2afaeb5642bb10b5a884c74f71207cd1a9ddaac58bed59213a4f8fcc48885
https://floka.casethemes.net/blog-standard/page/4/?sidebar-blog=0,blog-standard/page/4/_variant-967222dce0/index.html,200,7e3e7aa5831d007a7cbe789895698d4b20f123e71887464ba5c2920ef689c6cf
https://floka.casethemes.net/blog-standard/page/4/?sidebar-blog=left,blog-standard/page/4/_variant-c9aa1404d4/index.html,200,833ecfb5e87a24f73267dd0ca2f26d73fd2b1df8f48e6d97fb58e380ada197a4
https://floka.casethemes.net/blog-standard/page/4/?sidebar-blog=right,blog-standard/page/4/_variant-0ff70342ea/index.html,200,c0abb7d54bee08831bbea9d88fe3ea1ae9afda8507d2afeb2810f2b7291c8f9c
https://floka.casethemes.net/blog-standard/page/5/,blog-standard/page/5/index.html,200,a34ab7cf917cd42cd16534885bfdb1204dd7ad4a73898e5765d7ed38a8c1fccc
https://floka.casethemes.net/blog-standard/page/5/?sidebar-blog=0,blog-standard/page/5/_variant-967222dce0/index.html,200,a38b7c2c2cd50434716c3d8f17670c1c4854096fa9fe3035ab95adbf5c2119ed
https://floka.casethemes.net/blog-standard/page/5/?sidebar-blog=left,blog-standard/page/5/_variant-c9aa1404d4/index.html,200,d3efd98b78e85ab6232b5a5a8f512b8c64525d3e2c5eff9ca19f4e8f6746bcaa
https://floka.casethemes.net/blog-standard/page/5/?sidebar-blog=right,blog-standard/page/5/_variant-0ff70342ea/index.html,200,617c2a0d3d2507f612e87af80d4e33ec0e890da3406afbbdcecc88c2e5ac48a3
https://floka.casethemes.net/building-token-economies-we-shape-the-future/,building-token-economies-we-shape-the-future/index.html,200,db300bdbd2337582e56b8aa251bb6c0e3fc43cc21ef954b4547e3e8af228dcda
https://floka.casethemes.net/building-token-economies-we-shape-the-future/behance.net,building-token-economies-we-shape-the-future/behance.net/index.html,404,171d6eb50018cf842d68899eecf4ce5379a076f0321f3e986274135b989a05f9
https://floka.casethemes.net/business-and-finance-services-play-a-crucial/,business-and-finance-services-play-a-crucial/index.html,200,d907ff806e65d67433811ccd6b4aa6c1b9433d07d904c86eaff07a3b64496174
https://floka.casethemes.net/business-and-finance-services-play-a-crucial/behance.net,business-and-finance-services-play-a-crucial/behance.net/index.html,404,ffb934b8ea3beb6e155004cb9d710b079efbce4a6c3ea56c87024c19beb196d4
https://floka.casethemes.net/career/,career/index.html,200,8082a7284e5982c176752fda328f2207ad389a5f4274d7b7af8184158b14420e
https://floka.casethemes.net/careers/creative-web-developer/,careers/creative-web-developer/index.html,200,0070ed770ba0d4ba91989daaa0c8ab0db014e1151d2b303f7af29a07a70025df
https://floka.casethemes.net/careers/full-stack-alchemist/,careers/full-stack-alchemist/index.html,200,41e85072eece1d56238d846d79167239bec5b40051149e941412ce54be51a2dc
https://floka.casethemes.net/careers/full-stack-engineer-digital-projects/,careers/full-stack-engineer-digital-projects/index.html,200,420eb9354e3a256489fbdfcc6f6e1524059de7fe874d075a2dc2ea8c09d97d7d
https://floka.casethemes.net/careers/full-stack-web-developer/,careers/full-stack-web-developer/index.html,200,07e7d569b502c2600aaeb1982624c0912206b66df4f9853c7b2a911693bedfd3
https://floka.casethemes.net/careers/pixel-to-server-developer/,careers/pixel-to-server-developer/index.html,200,b24c9cdaf07efb62bcdae9f87c4797cbb18ca77baf4881d2523a1db21d891656
https://floka.casethemes.net/careers/web-wizard-front-to-back/,careers/web-wizard-front-to-back/index.html,200,97b95ab5592de8fd31de8a16d44f69814ef8df70c6cec9af49b88458178761a7
https://floka.casethemes.net/cart/,cart/index.html,200,66282faa8c842d73150f0966b07e570e379336dcf095f4864373b107b52cf9df
https://floka.casethemes.net/category/crypto/,category/crypto/index.html,200,d9eb5dff24b6c0f67831befff1f7e4de8c151f18250fa0e31abb13a4fc67b60e
https://floka.casethemes.net/category/defi/,category/defi/index.html,200,ca158aaf1d5847f4497a7ca70821df26c7d19bf4c9946db7d2ae1458a53bd89c
https://floka.casethemes.net/category/multiverse/,category/multiverse/index.html,200,4059b746b0339de2a2e6255834c2509e321744608036ca7bf924dcef7e6219e4
https://floka.casethemes.net/category/web3/,category/web3/index.html,200,db67c6f79b966de21e5025c0bb3eda96e19aeeec5d790ba0eb145ae19330b76f
https://floka.casethemes.net/category/web3/page/2/,category/web3/page/2/index.html,200,6ce613d6e583a20cb7803f6f3bda9dad4fac65969a3f7e6239b56f1007e44829
https://floka.casethemes.net/category/web3/page/3/,category/web3/page/3/index.html,200,06d07cbd627e6c12909d5a7f24394f1c163672a9c7499ea3a77dc2673b668f3a
https://floka.casethemes.net/category/web3/page/4/,category/web3/page/4/index.html,200,58211bf15b4aace11503b53ef32d2ec564f8ef28e695bcb69df444310f91ec40
https://floka.casethemes.net/checkout/,checkout/index.html,200,2bd60635e21191692eed9fd78d2363d2de6470fdb7c6f7c6f5e00ecf947639e5
https://floka.casethemes.net/contact-us-v2/,contact-us-v2/index.html,200,6fb68a78a299f90f841d332792609151a0d1e173ba88b98c9eceb35e8a4c9a9f
https://floka.casethemes.net/contact-us/,contact-us/index.html,200,f8b47184edc17f8141055a2fd9ac4629014bab521be2f9de927a92f8d8628be0
https://floka.casethemes.net/creative-web-platforms-designed-for-growth/,creative-web-platforms-designed-for-growth/index.html,200,effe8b0ad9425edcdabaaaff38ce4d627114f8650103d8421c0917adb46bdac8
https://floka.casethemes.net/creative-web-platforms-designed-for-growth/behance.net,creative-web-platforms-designed-for-growth/behance.net/index.html,200,9dcbd94f54b5537fde2860d9fb697fbe15705bec61c7e839dc6eb358d5d8c355
https://floka.casethemes.net/design-that-connects-purpose-and-performance/,design-that-connects-purpose-and-performance/index.html,200,6717db97bacd71eccbf38fc86a2be7e2cbf2954c887c0df318b60c077e01e5e7
https://floka.casethemes.net/design-that-connects-purpose-and-performance/behance.net,design-that-connects-purpose-and-performance/behance.net/index.html,404,42edbbdb26a3bace814723a06372ae5f2b38c2d9a19e151ddec1470e902b8665
https://floka.casethemes.net/empowering-crypto-innovation-we-connect-every-chain/,empowering-crypto-innovation-we-connect-every-chain/index.html,200,7c86f35c103bbb97d14ee0415a977c8325aef0e127821d9db02e3fd272b76188
https://floka.casethemes.net/empowering-crypto-innovation-we-connect-every-chain/behance.net,empowering-crypto-innovation-we-connect-every-chain/behance.net/index.html,404,35773554e4f77d01cf92fff9a55813b3dfe2f1610d95ceed7b5daf85ee27079a
https://floka.casethemes.net/faq/,faq/index.html,200,477394bf823873386aedc00d98c15224fca542eb3eb446fc7ad252ba14151c17
https://floka.casethemes.net/from-brand-strategy-to-immersive-digital-experiences-we-offer-end-to-end-creative-solutions/,from-brand-strategy-to-immersive-digital-experiences-we-offer-end-to-end-creative-solutions/index.html,200,17e4ce3816586b2e460ba5a3ac60aec60c05b63438e01721ed66cc46a929e432
https://floka.casethemes.net/from-brand-strategy-to-immersive-digital-experiences-we-offer-end-to-end-creative-solutions/behance.net,from-brand-strategy-to-immersive-digital-experiences-we-offer-end-to-end-creative-solutions/behance.net/index.html,404,911a42ddcad0980192819a5011147f9c812c7cc9b0ce567d9960da3ae9f02607
https://floka.casethemes.net/from-brand-strategy-to-immersive-digital-experiences/,from-brand-strategy-to-immersive-digital-experiences/index.html,200,c99eeac53149085000fd4b16b42163c25169d944b15440adb84696c41388d945
https://floka.casethemes.net/from-brand-strategy-to-immersive-digital-experiences/?sidebar-blog=0,from-brand-strategy-to-immersive-digital-experiences/_variant-967222dce0/index.html,200,40778c053e7e3cc847ba1c1b2a3e15c36e302b2f191563aa328a279b0170d49b
https://floka.casethemes.net/from-brand-strategy-to-immersive-digital-experiences/?sidebar-blog=left,from-brand-strategy-to-immersive-digital-experiences/_variant-c9aa1404d4/index.html,200,8bdd4d379bcf1ca187d850e9f463068777efc9c2771e5b5d264c63b707f4d5f5
https://floka.casethemes.net/from-brand-strategy-to-immersive-digital-experiences/?sidebar-blog=right,from-brand-strategy-to-immersive-digital-experiences/_variant-0ff70342ea/index.html,200,d8e38cd68e6e31c9fed9aa10d28c008685c0d02dfbfa4739d667f086ee760daf
https://floka.casethemes.net/from-brand-strategy-to-immersive-digital-experiences/behance.net,from-brand-strategy-to-immersive-digital-experiences/behance.net/index.html,200,04694632f2f9b0d3fa2345506a20ca93aab7af78607962b6a4e56bc6dcdf4aa2
https://floka.casethemes.net/from-business-objectives-to-user-first-design-we-build-systems-that-grow-with-your-vision/,from-business-objectives-to-user-first-design-we-build-systems-that-grow-with-your-vision/index.html,200,5de13e0e95fb901cbfb2b3a6ab5b95ee6525fee789172340df3176dfbae9bd4d
https://floka.casethemes.net/from-business-objectives-to-user-first-design-we-build-systems-that-grow-with-your-vision/behance.net,from-business-objectives-to-user-first-design-we-build-systems-that-grow-with-your-vision/behance.net/index.html,404,73b21635c461e00a642cd001af61cf4c91e5863a73cc2a9446187e16c8002e68
https://floka.casethemes.net/from-concept-development-to-multi-channel-execution-we-bring-your-brand-stories-to-life/,from-concept-development-to-multi-channel-execution-we-bring-your-brand-stories-to-life/index.html,200,10fd1c2493feb3e72b6c1d43184ed15e173aff64d2d6208ec6a582c31202c031
https://floka.casethemes.net/from-concept-development-to-multi-channel-execution-we-bring-your-brand-stories-to-life/behance.net,from-concept-development-to-multi-channel-execution-we-bring-your-brand-stories-to-life/behance.net/index.html,404,20b23387c94cd1a30aeb81b0ef307338b0b8f95ae55b35a9944cc1f91e75665e
https://floka.casethemes.net/from-creative-thinking-to-seamless-production-we-deliver-compelling-results-that-drive-impact/,from-creative-thinking-to-seamless-production-we-deliver-compelling-results-that-drive-impact/index.html,200,01ae5a34e460fac9324ba152644ee3b4bcd06ec74f6f91c6c352753adafd3b93
https://floka.casethemes.net/from-creative-thinking-to-seamless-production-we-deliver-compelling-results-that-drive-impact/behance.net,from-creative-thinking-to-seamless-production-we-deliver-compelling-results-that-drive-impact/behance.net/index.html,404,3c55184a084debc2d0373913d8a227e04f2c76c9307b1e67226a7c8d78f556d0
https://floka.casethemes.net/from-data-driven-insights-to-bold-creative-we-shape-strategies-that-connect-and-convert/,from-data-driven-insights-to-bold-creative-we-shape-strategies-that-connect-and-convert/index.html,200,75898314f5c79a30badb16123d9a2c86a5f644b02f507ad11b1136ec5970b6fe
https://floka.casethemes.net/from-data-driven-insights-to-bold-creative-we-shape-strategies-that-connect-and-convert/behance.net,from-data-driven-insights-to-bold-creative-we-shape-strategies-that-connect-and-convert/behance.net/index.html,404,ccdc905e5f23f6bc36873e720e6e84b44c59f04cff09694e6a2c148d4bbf67d7
https://floka.casethemes.net/from-insightful-research-to-striking-design-we-craft-experiences-that-elevate-your-brand-identity/,from-insightful-research-to-striking-design-we-craft-experiences-that-elevate-your-brand-identity/index.html,200,09d39b2fdc357c9bfec589f6080536557b110e85f42b55bc1df9f6909562444b
https://floka.casethemes.net/from-insightful-research-to-striking-design-we-craft-experiences-that-elevate-your-brand-identity/behance.net,from-insightful-research-to-striking-design-we-craft-experiences-that-elevate-your-brand-identity/behance.net/index.html,404,f8717bf7c27a99e64b3b733f1b4d9e64d011b8cf249022009f8c0f967e7c6a5b
https://floka.casethemes.net/from-ux-strategy-to-content-creation-we-engineer-digital-solutions-that-resonate-and-perform/,from-ux-strategy-to-content-creation-we-engineer-digital-solutions-that-resonate-and-perform/index.html,200,a58311b0297682d799eb31ac0793152f498c61f7fd9ef75d2d556d5d64c2b2d8
https://floka.casethemes.net/from-ux-strategy-to-content-creation-we-engineer-digital-solutions-that-resonate-and-perform/behance.net,from-ux-strategy-to-content-creation-we-engineer-digital-solutions-that-resonate-and-perform/behance.net/index.html,404,8450f03d28760ec9a0298d7ef6874f1c728f77bb3ca4a9585c9da63edde0a74e
https://floka.casethemes.net/from-visual-storytelling-to-digital-innovation-we-create-meaningful-brand-interactions/,from-visual-storytelling-to-digital-innovation-we-create-meaningful-brand-interactions/index.html,200,83c24d3becf2dc0ada769d13744808da1a022474a24f3a33f4e64bbe29b3488a
https://floka.casethemes.net/from-visual-storytelling-to-digital-innovation-we-create-meaningful-brand-interactions/behance.net,from-visual-storytelling-to-digital-innovation-we-create-meaningful-brand-interactions/behance.net/index.html,404,ce9da2eadf83e0aa8218450ab805683ea11066b92f4e1eaa585b730f7672688c
https://floka.casethemes.net/home-1-onepage/,home-1-onepage/index.html,200,7eac6c7dd40598b0be7cb8b4d956b9b52d9ede8962db5db34c9c519c4b4a5dda
https://floka.casethemes.net/home-2-onepage/,home-2-onepage/index.html,200,a89ff4d87281a889ad44b293edff81af620d936354458a67cd891bc55111111a
https://floka.casethemes.net/home-2/,home-2/index.html,200,0c1b3cb1b8a8694795e01ceebcafff2a60cabfe1caefb440049059dc65f60c07
https://floka.casethemes.net/home-3-onepage/,home-3-onepage/index.html,200,b21728381aa18e750662c149b9d3956fe9029b47626122a7de96d9c49215d94b
https://floka.casethemes.net/home-3/,home-3/index.html,200,02d6ff7e127e6dabe76193aa3f46b6a55459f1bdac448e7eb91a237e52cbbd0a
https://floka.casethemes.net/home-4-onepage/,home-4-onepage/index.html,200,16a9fbc47e0f86b7d7558a0e1d6f0c28368f8fbc7f96c0355b0aec6dec072ddf
https://floka.casethemes.net/home-4/,home-4/index.html,200,2b275e1c334754e8286ef7afb84e84d9fce47d85a7a624d0cad23fb9cbaa2ac9
https://floka.casethemes.net/home-5-onepage/,home-5-onepage/index.html,200,de130b0baf8168fa904a976e9c62c73e5c5eb057c3e88850102fffd3c9eff139
https://floka.casethemes.net/home-5/,home-5/index.html,200,1b79dd846bda707c89fbdfedd502a8e0dd2a71dfac05a882b2a6a40139d3b59f
https://floka.casethemes.net/home-6-onepage/,home-6-onepage/index.html,200,9f44e89529006f0b4c123f6e9065924bb72f81a00b4e321ce23a6211aaad06a9
https://floka.casethemes.net/home-6/,home-6/index.html,200,0595df63d79b71e1f300b58aca3353974e0498fa89be36ab7726278e623a5fbb
https://floka.casethemes.net/home-7-onepage/,home-7-onepage/index.html,200,2dd4243c0c39fe6560dc9f763a983d9adf8e3ebb24ab8c9a3e3cd10a0c8b7dec
https://floka.casethemes.net/home-7/,home-7/index.html,200,ac16ed1645aad741bfcbc91ee36d7519214860f2bebc98eecb84cf7a9cb6c015
https://floka.casethemes.net/home-8-onepage/,home-8-onepage/index.html,200,8763d2e8bfcee9ee502d168bba1623d35ec8922a22c2add41876dbca4ba18073
https://floka.casethemes.net/home-8/,home-8/index.html,200,6e91e8a1cad33e3aa439e048c9d8f75c7764216b7f5c753bdb93d46a218ed50a
https://floka.casethemes.net/home-9-onepage/,home-9-onepage/index.html,200,a4aac372bd42b25cf2e8390dd50876b7268cf63c24186ee068b3deec026f8197
https://floka.casethemes.net/home-9/,home-9/index.html,200,a6b59b6db304e94a251457d399c471490e82760ae6fc18de855d6f7188e6035f
https://floka.casethemes.net/immersive-digital-experiences-we-offer-end-to-end/,immersive-digital-experiences-we-offer-end-to-end/index.html,200,172b73e8a63c20b0709dfeebbaf66f2331ee410f959cba01c475a7680aff7678
https://floka.casethemes.net/immersive-digital-experiences-we-offer-end-to-end/behance.net,immersive-digital-experiences-we-offer-end-to-end/behance.net/index.html,404,0d2d672697c0edd6bc10df72b8d1b26bb87a8a9c2f55ca0002f69bc20cb3ddaa
https://floka.casethemes.net/immersive-virtual-journeys-built-with-precision/,immersive-virtual-journeys-built-with-precision/index.html,200,0bc7b4c8de55cd968b8b826289b2a9ae670a0973b96808e477933de8f0437425
https://floka.casethemes.net/immersive-virtual-journeys-built-with-precision/behance.net,immersive-virtual-journeys-built-with-precision/behance.net/index.html,404,ec123908402786c4b365e651179ad464eae152c4effc3520c1ef1e9f7789f33a
https://floka.casethemes.net/landing-page/,landing-page/index.html,200,b2432cfa680468aaaa3540ce97643220ae81f4007a820c2e0ff62702ea35febe
https://floka.casethemes.net/next-gen-crypto-ecosystems-powered-by-transparency/,next-gen-crypto-ecosystems-powered-by-transparency/index.html,200,902da2ee0f0c37fb143427a740e0ec76505eeba0d47826b141713fcb2ef45451
https://floka.casethemes.net/next-gen-crypto-ecosystems-powered-by-transparency/behance.net,next-gen-crypto-ecosystems-powered-by-transparency/behance.net/index.html,404,6ba13212bbdf4502e1f6602df334137e7c5dc866ec4ab02eed898b7ca000348c
https://floka.casethemes.net/our-team/,our-team/index.html,200,8acc2aa3f85551a48e59417e24c31753e7476167f03200527c1189fb88a456ba
https://floka.casethemes.net/portfolio-carousel/,portfolio-carousel/index.html,200,4e8c1f7d4c3a28b7ccceab15a8f0f9e6295b61c9ec0a6b0977576ba757de1bdb
https://floka.casethemes.net/portfolio-category/branding/,portfolio-category/branding/index.html,200,a9297fd82bd344653d6fddc1321e38435e522836986e2cd6a6bcbb0147bfcbb0
https://floka.casethemes.net/portfolio-category/branding/page/2/,portfolio-category/branding/page/2/index.html,200,160c5f4e65b2d8f8b0c0e900228619bd2071215f110b2f066f5f15fc4f25b4e1
https://floka.casethemes.net/portfolio-category/branding/page/3/,portfolio-category/branding/page/3/index.html,200,80ef715709a8848e2f1c69c285d56c3b09059f995473e4a3e6596f5a9a43b3a4
https://floka.casethemes.net/portfolio-category/branding/page/4/,portfolio-category/branding/page/4/index.html,200,1d757c1017980872624cd2336ec7fb78e6e4b0ab53cad0df1ed470dacf59697d
https://floka.casethemes.net/portfolio-category/cryptoartverse/,portfolio-category/cryptoartverse/index.html,200,faee12518aa8ed598926b428c69a7af7f42685a24fbd8fba204144af24d5564c
https://floka.casethemes.net/portfolio-category/defi/,portfolio-category/defi/index.html,200,1143d575c71b2d75813cd10f61053fa8bc4e436a6827872842b108699b8c28c2
https://floka.casethemes.net/portfolio-category/magazine/,portfolio-category/magazine/index.html,200,a72b13830b0ecbff143da8da08fa02cb789e92d3c23cd808ecfa4472fd942e4e
https://floka.casethemes.net/portfolio-category/magazine/page/2/,portfolio-category/magazine/page/2/index.html,200,a60d2df8a550b3af86bb1ccab55e1ade13b01dc44694cc66658faabcf5089add
https://floka.casethemes.net/portfolio-category/magazine/page/3/,portfolio-category/magazine/page/3/index.html,200,d1e6d07fb48f538c819c771b241512cf210b9839c697b2bc3bc7ce9f0085b7b9
https://floka.casethemes.net/portfolio-category/microsoft/,portfolio-category/microsoft/index.html,200,bfb990cd18b8cf4b068c5bc521ef7606f64a3db5bdfab3b58e0a8a9c87e10a3c
https://floka.casethemes.net/portfolio-category/mining/,portfolio-category/mining/index.html,200,24a5d1cbf9c02e0ed250558b810b19fd8e62315ef6d7f68cf9e6d7c7b690d3db
https://floka.casethemes.net/portfolio-category/module/,portfolio-category/module/index.html,200,4311f198bba11485330bc3a24ab04ae509e86284dabef3dc6cc163825a550f5f
https://floka.casethemes.net/portfolio-category/module/page/2/,portfolio-category/module/page/2/index.html,200,bb027207d5f6bfbd820d23324f8fa5e4c2f0dcc4f22447111757fc092e2ac945
https://floka.casethemes.net/portfolio-category/module/page/3/,portfolio-category/module/page/3/index.html,200,4e432e596f2d5d7376783c8f88648dbc05235f4249ec1b0da46fea59c67435b4
https://floka.casethemes.net/portfolio-category/product/,portfolio-category/product/index.html,200,69417a63e13bb22406241081c6f3cb8fbfb9bbead0034d6d7743815c848c7699
https://floka.casethemes.net/portfolio-category/product/page/2/,portfolio-category/product/page/2/index.html,200,d69d49b24e7d5ded8f6fcc1f86bdc36f3bb5164ebbb3bcc35dcfa1a2be030dd7
https://floka.casethemes.net/portfolio-category/product/page/3/,portfolio-category/product/page/3/index.html,200,5ce5d946a416ff141c8df4245a950c157ee62fbc3c5b205c9344c5f5a4f92939
https://floka.casethemes.net/portfolio-category/product/page/4/,portfolio-category/product/page/4/index.html,200,94c744a97cd207af830dd3cf38d4947865fe84e6803b9767a99e45e6afe01743
https://floka.casethemes.net/portfolio-category/snap-inc/,portfolio-category/snap-inc/index.html,200,284a50dae58398f80d4d7413837361437610a0e8762ae27958671e922247802d
https://floka.casethemes.net/portfolio-category/stripe/,portfolio-category/stripe/index.html,200,ea1bf71b70e22461030743ffbadf8e8b3dd49a3960dc26dc7247b7e10f8cb2c3
https://floka.casethemes.net/portfolio-category/success-stories/,portfolio-category/success-stories/index.html,200,35cc7b6cbdad2c18cfd2c2efec727f4937d59f1e732a4ff71b381683fafc6403
https://floka.casethemes.net/portfolio-category/ux/,portfolio-category/ux/index.html,200,325e39a1e0ac68333dc681d533c5021e9960d94f1f68b7521bfada6cf3c05781
https://floka.casethemes.net/portfolio-category/ux/page/2/,portfolio-category/ux/page/2/index.html,200,9ed925e220aff8e526320e42ffd870c4bb1c2edb8c9de7bce5fed6263081b5d5
https://floka.casethemes.net/portfolio-category/ux/page/3/,portfolio-category/ux/page/3/index.html,200,e28056b264960b3e00bfd6e1f3b3df5e09508f13344c10237955b9fe36633098
https://floka.casethemes.net/portfolio-category/ux/page/4/,portfolio-category/ux/page/4/index.html,200,42b37b7740c10e00aa6931a80a04971e6068d876f05dd20a188a37b8ed4f28eb
https://floka.casethemes.net/portfolio-category/ux/page/5/,portfolio-category/ux/page/5/index.html,200,5b2eab0ead2427a7f9a54fe9329b264a2377ea1258f333e414f4fcb450e9504b
https://floka.casethemes.net/portfolio-category/website/,portfolio-category/website/index.html,200,10b4a552465adf80050547b880b81437db38c324f65ed2199b69915c4cec4c6d
https://floka.casethemes.net/portfolio-grid/,portfolio-grid/index.html,200,730741f8b5ecb1c72360d3f4b6df87ee6138ebd3dbfee31c0593f6bf5536ba41
https://floka.casethemes.net/portfolio-masonry/,portfolio-masonry/index.html,200,182c923848eb54e23ab49d6ae5255fc9f48da01acfa8ae8e75c5da648b175e20
https://floka.casethemes.net/portfolio-showcase/,portfolio-showcase/index.html,200,f90e8ea96a58a15ae5010366fe2f875ed71c3f301aa465137251237fce8359a2
https://floka.casethemes.net/portfolio/adverto-studio-building-brands-that-click/,portfolio/adverto-studio-building-brands-that-click/index.html,200,7dfeab068cd312818cd8c10cad7b48a0eeda0f1fc6f4b02dcb5abf8fe08d70c2
https://floka.casethemes.net/portfolio/alvon-creative-branding-solutions/,portfolio/alvon-creative-branding-solutions/index.html,200,062a1a2920aadea53fcd055ed5bce5031b1e713af00960351d46a8f2a53416f6
https://floka.casethemes.net/portfolio/astro-architecture/,portfolio/astro-architecture/index.html,200,ad94c17c4d1e061ec05276b54c4d09842b506e226d6ea93defb65daf232bc276
https://floka.casethemes.net/portfolio/avenue-studio-creative-direction/,portfolio/avenue-studio-creative-direction/index.html,200,938d5f199fb6532a0cc9fe0e62c36c3e34e00ba3ff4be94e1d8bcb8917b676a7
https://floka.casethemes.net/portfolio/blockchain-development/,portfolio/blockchain-development/index.html,200,3e311710b61b5cd75f9dc75b834b683ae813298ce06def852d16002a3d72e6bd
https://floka.casethemes.net/portfolio/branding/,portfolio/branding/index.html,200,d62d278d778a7de1ecfbbf4bd689121e2eedb444ca3abb5ba98a331a93723486
https://floka.casethemes.net/portfolio/crafting-stories-that-stick/,portfolio/crafting-stories-that-stick/index.html,200,5303364e8439d12ad955c4fbaf30c888803d4ebcc7a8d8ee98c6d1d83accb341
https://floka.casethemes.net/portfolio/creative-pulse-rising/,portfolio/creative-pulse-rising/index.html,200,6bef5b3547e361e8cd4c9dbfdf9455401fef0b613a818654dfbc954bbb852baa
https://floka.casethemes.net/portfolio/defi-application-development/,portfolio/defi-application-development/index.html,200,9abbd4569315f1f3097f155bb50ddf6abca7884a2ae745e8e9b7ccf2823ff6a1
https://floka.casethemes.net/portfolio/driven-by-ideas/,portfolio/driven-by-ideas/index.html,200,a6f80c75e24f90d0e64e9fd2c13b6772b1b0c59581bbf386789c763612052170
https://floka.casethemes.net/portfolio/elegant-branding-flow/,portfolio/elegant-branding-flow/index.html,200,c2f462e8414b9c7b664719e1769fc675390b831cdec83a9ba887a4ec0e054920
https://floka.casethemes.net/portfolio/elevate-your-brand-with-creative-precision/,portfolio/elevate-your-brand-with-creative-precision/index.html,200,8f91c8615d1f4e2795de47a4fbab6dd7c3b6bfff62678c6ed9386fef1889a393
https://floka.casethemes.net/portfolio/future-focused-studio/,portfolio/future-focused-studio/index.html,200,a75838d01e98e89686247eb881bbb7d6344b98d4f127c8abbc9b3435ef9b7402
https://floka.casethemes.net/portfolio/game-design/,portfolio/game-design/index.html,200,65432d323291f75ee5cf2908c17845c230b3ca003bbd339adf02b913248f2257
https://floka.casethemes.net/portfolio/graceful-defi-movement/,portfolio/graceful-defi-movement/index.html,200,fe88b927b491a82734698e7db0def24f763bdccfd4ffcf0363e4939cdbe32911
https://floka.casethemes.net/portfolio/klayn-fashion-brand-identity/,portfolio/klayn-fashion-brand-identity/index.html,200,80c05bb0517112bf95757735ef9a7d7bf9dea22ee718c24f03379b6fd07bb511
https://floka.casethemes.net/portfolio/loop-agency-creative-branding/,portfolio/loop-agency-creative-branding/index.html,200,e94cf3e5affd0fb5c7924fdc5aa6f8af1d12d9b3c4dc7afeea49c043dd27038a
https://floka.casethemes.net/portfolio/low-code-development/,portfolio/low-code-development/index.html,200,302719e58b1ecd960eb4be661ef0058bd4421465919582f45436d1455cdf506e
https://floka.casethemes.net/portfolio/lunair-clothing-visual-design/,portfolio/lunair-clothing-visual-design/index.html,200,dde309ab77dd9cb5b4b1fe728ef5371bfd6616d3e55e40332c5860778fe3bde1
https://floka.casethemes.net/portfolio/melson-clothing-branding-design/,portfolio/melson-clothing-branding-design/index.html,200,7514aefe553682b93e15b2f1b7535f512da4c1d3c7f99b5aa8211594ad674e88
https://floka.casethemes.net/portfolio/melvin-co-digital-marketing-solutions/,portfolio/melvin-co-digital-marketing-solutions/index.html,200,955f802d003e5ee28fb342949977433f46c290f27c22ee5809363b7a197a3d52
https://floka.casethemes.net/portfolio/modaro-fashion-branding-studio/,portfolio/modaro-fashion-branding-studio/index.html,200,ce1741c38a72d7d8150b4e14cd500ecff8ba3b0fbe48f9e74bc31f00be06ee3f
https://floka.casethemes.net/portfolio/no-code-website/,portfolio/no-code-website/index.html,200,43ed8afe8d7227ae2b4eb3e1d89755c4132be021fbe44bdf397f43a2d2777309
https://floka.casethemes.net/portfolio/nuvio-clothing-branding-design/,portfolio/nuvio-clothing-branding-design/index.html,200,05533708bda16db17f085f0b18cf04039c199cb1cb52c4fbaec9308ba67f3afd
https://floka.casethemes.net/portfolio/redbull-website-design/,portfolio/redbull-website-design/index.html,200,331fed97513defef46b2d2504f9699fc802774ba7172d10af877d445dc673ed7
https://floka.casethemes.net/portfolio/refined-crypto-vision/,portfolio/refined-crypto-vision/index.html,200,d9dfe4ef8940d9dcda176d86ac96aed95616677f9e6dfb5d3f294595b677259d
https://floka.casethemes.net/portfolio/search-engine-optimization/,portfolio/search-engine-optimization/index.html,200,d9348eb763bd906e5a23fcf5b4d951f52b65a89a43b97d491fd9751416c2156c
https://floka.casethemes.net/portfolio/seo-marketing/,portfolio/seo-marketing/index.html,200,a9a7d07c726abf2c0c6d216f3badc90a8f7ba48690d6065640c7da9914c0c676
https://floka.casethemes.net/portfolio/smart-contract-development/,portfolio/smart-contract-development/index.html,200,7af4ddf2142f43034be48f270967ee5ba14f57b59bf37f18c47b18ef0ae1d016
https://floka.casethemes.net/portfolio/solven-apparel-branding-agency/,portfolio/solven-apparel-branding-agency/index.html,200,713358a847dd9cdf389794ab47cabe84f7d074c9db12c6ccdf2a08e5511f2783
https://floka.casethemes.net/portfolio/sophisticated-token-line/,portfolio/sophisticated-token-line/index.html,200,18a85e8839964810f007b804676930eccd74f5f1e1bb07d1a9f89cb1fe379826
https://floka.casethemes.net/portfolio/superpower-branding/,portfolio/superpower-branding/index.html,200,a03ee2082f511348080c5270efdd99c616ca72ec5ce28a34fc1674803d04d680
https://floka.casethemes.net/portfolio/ui-ux-design/,portfolio/ui-ux-design/index.html,200,70120bf05082a653e376fd6f597d7d616161dc672fdfe98b6fee82ad16dc27f0
https://floka.casethemes.net/portfolio/user-interface-experience-design/,portfolio/user-interface-experience-design/index.html,200,657fc3b09715ccbea8302e6c392071adc663047e32cacf729172e9439fa2792e
https://floka.casethemes.net/portfolio/vanta-visual-identity-system/,portfolio/vanta-visual-identity-system/index.html,200,13cfad7644ad7eb68f7c911eafa280b00e9423263955476ff9a89a3b6e51192e
https://floka.casethemes.net/portfolio/vision-driven-refresh/,portfolio/vision-driven-refresh/index.html,200,d2dad1b8d3b643bdcfa07657595d5b52fd4919e9332238f0b160f0f541118340
https://floka.casethemes.net/portfolio/vortex-media-marketing-for-the-modern-era/,portfolio/vortex-media-marketing-for-the-modern-era/index.html,200,289b7eb0baaf1416b01729c89aa1115696944f05ba248c465498897fe8a6e25e
https://floka.casethemes.net/portfolio/web-development/,portfolio/web-development/index.html,200,2355c75d463d81e99b0157e783f8b32c64b5499639f994d3483157ff1a568298
https://floka.casethemes.net/portfolio/web3-crypto/,portfolio/web3-crypto/index.html,200,b2ebaa08fa478a72e0dcad52e34750b329521629f682e85cc1a8fc625ebca70f
https://floka.casethemes.net/product-tag/branding/,product-tag/branding/index.html,200,9320cf2acec1b2561d892589c4edc162f0e3a665f48ef65288d07fe2eedefa67
https://floka.casethemes.net/product-tag/cloth/,product-tag/cloth/index.html,200,e28f21765ca4ac3c85334fd5f82a797e992137a7d380e0edfe38df508f6ccf7f
https://floka.casethemes.net/product-tag/color/,product-tag/color/index.html,200,5a40bc2a4114e3d792a103d5ccd1102ab99b98dd9cf36ffd4b8c7545b0375a01
https://floka.casethemes.net/product-tag/dark-cloth/,product-tag/dark-cloth/index.html,200,27d777a87fae6297fab315ea5c9811fedd8a4bdde648f6d5a984922b0108ab26
https://floka.casethemes.net/product-tag/digital/,product-tag/digital/index.html,200,0e08ea6470857f224e2efb50d7cb0bd7d1515b338ccad3da7e0d02881e78ba13
https://floka.casethemes.net/product-tag/mobile/,product-tag/mobile/index.html,200,fe6d965357470c884c8a59dcebd93c8b11ace05104a8917dcf9f508057d7f6fa
https://floka.casethemes.net/product-tag/print/,product-tag/print/index.html,200,2ebc001672d4667413cf6a4ac6ef4aa9530cb75bdfecfad8b6208e206405985a
https://floka.casethemes.net/product/biostellar-swag-t-shirt/,product/biostellar-swag-t-shirt/index.html,200,d39a9404efc3317d092524f0c87751d2d139f10f4f130acb3216cb1f935cb983
https://floka.casethemes.net/product/cosmic-earth-flex-tee/,product/cosmic-earth-flex-tee/index.html,200,f89f0509e91300fe92de52ca7d064d3d48475ad40ff9185d9a493a2bdde0a5da
https://floka.casethemes.net/product/cosmic-reboot-shirt/,product/cosmic-reboot-shirt/index.html,200,1c0e27725f205583223ac988eb3a77a13371c6ba4f21b1db356d0c7cfbeead9e
https://floka.casethemes.net/product/ecostellar-hustle-shirt/,product/ecostellar-hustle-shirt/index.html,200,6163c4c93c549b320d2a84506a747617329b0fc89f97503d314d5d91e5c08961
https://floka.casethemes.net/product/ecowarp-style-t-shirt/,product/ecowarp-style-t-shirt/index.html,200,748b4a75b085f8faaea4047e74d3159ed3c1da761bd6b1c726f32d5f4cabc531
https://floka.casethemes.net/product/future-nature-flow-tee/,product/future-nature-flow-tee/index.html,200,c04a1dc12165fc1bf4f4b45b3a61d9b17b7d56855b5b994497f536e4878d3b13
https://floka.casethemes.net/product/galactic-green-hype-tee/,product/galactic-green-hype-tee/index.html,200,01b2c51e05b2631b47ad0d35127621a1a5d31862ca021b4619f25a39325ee7e7
https://floka.casethemes.net/product/organic-galaxy-flex-tee/,product/organic-galaxy-flex-tee/index.html,200,4c576034721b645e0201043f91f61a2016e5b72a228d1c2689e63b8a9d750dc8
https://floka.casethemes.net/product/solar-karma-street-tee/,product/solar-karma-street-tee/index.html,200,0d4c22ace5899ebc6516936fb226c45b2fe73434b44a81e91cde21bc31276930
https://floka.casethemes.net/product/solar-powered-drip-shirt/,product/solar-powered-drip-shirt/index.html,200,ce7a7d469d0b1ccb4a29f3ee3d13ea4c2b9f7da15c9098fc5379de48606de8e5
https://floka.casethemes.net/product/sustainable-nova-tee/,product/sustainable-nova-tee/index.html,200,9343db72b5e199cd3f8b484134c04fddc8fca60b9b35daca4caa3a22d4aacd33
https://floka.casethemes.net/product/terra-orbit-swag-tee/,product/terra-orbit-swag-tee/index.html,200,2d381ea97fc8dddf5b09d437b81b9bd5cb33f84ec331c32366e08ae4a51c7a4a
https://floka.casethemes.net/seamless-blockchain-networks-redefining-digital-trust/,seamless-blockchain-networks-redefining-digital-trust/index.html,200,fe151f318c81b653cde007ecf92e1491e31cf4cfbccc0ef28c6b586fe083980f
https://floka.casethemes.net/seamless-blockchain-networks-redefining-digital-trust/behance.net,seamless-blockchain-networks-redefining-digital-trust/behance.net/index.html,404,4b6da30acd62d8acee923919c14979e5b4fc21ccd0364aa5b671126ed053394c
https://floka.casethemes.net/seamless-user-interfaces-crafted-with-intent/,seamless-user-interfaces-crafted-with-intent/index.html,200,d4ca25fab7855e5648c0eca4211462da29caf162cca99c558b87d899529bcaab
https://floka.casethemes.net/seamless-user-interfaces-crafted-with-intent/behance.net,seamless-user-interfaces-crafted-with-intent/behance.net/index.html,404,7543ae974f84b08311a465b51326e5c4bcca42923ed32c0c100b600ff024ed90
https://floka.casethemes.net/service-1/,service-1/index.html,200,d0b400605be99f895d66c9deeda12da85bd7bdfe8368727e7f01dc3bd27b226f
https://floka.casethemes.net/service-2/,service-2/index.html,200,9909f7e38b15d73d090685df50a1f12cc3c6ab8d74783ad49adb6769e3549e0c
https://floka.casethemes.net/service-3/,service-3/index.html,200,a8e41c789a4361f3abd42700da2174a5f117b2ede29ec9dae22fbed281927aa3
https://floka.casethemes.net/service-4/,service-4/index.html,200,3f6336569a02fcb5a9b49c6afc8daa8ff8203d113ec58b42ef253c2ffc9a50ef
https://floka.casethemes.net/service-category/consultancy/,service-category/consultancy/index.html,200,17355102d822ffc1dd22a7201a46f36861770a311520077835f73ffbc715d319
https://floka.casethemes.net/service-category/game-design/,service-category/game-design/index.html,200,d1895b1196cb11eca7e377d86a2745c18636d75c0aaf4a4676f9021c720cedcd
https://floka.casethemes.net/service-category/product-design/,service-category/product-design/index.html,200,146084bceb2a67c8c46ebbf76251cc3dfe09b283c6c19924197c0da831a38a7c
https://floka.casethemes.net/service-category/product-design/page/2/,service-category/product-design/page/2/index.html,200,af32d3223434596a1413fa898936cf8ee6b529f713aeae59af99027e31d17a22
https://floka.casethemes.net/service-category/seo-marketing/,service-category/seo-marketing/index.html,200,bc6efd4daf60e718eb40feb5b0b3c9ccf19a6bf3ba34ba64f2248da04aedae58
https://floka.casethemes.net/service-category/seo-marketing/page/2/,service-category/seo-marketing/page/2/index.html,200,c70270f8bdb041d5dc02f7eab2ee44bbc7c505f3c01e84ebd13fcfd90c6d4a56
https://floka.casethemes.net/service-category/web-design/,service-category/web-design/index.html,200,9b918ad980f1054c8a116d6a056f7648e68c476a1e9d42d9071525eefd364a69
https://floka.casethemes.net/service-category/web-design/page/2/,service-category/web-design/page/2/index.html,200,40a51c4fb8e72f96beadfa3eb4585b593c79d0edee0bc374327f186b723443c2
https://floka.casethemes.net/service/content-marketing/,service/content-marketing/index.html,200,3d8dcc2c8c339e2b937af0a6c1126b4ff9ac416f42bfc1b6122d118e0803a218
https://floka.casethemes.net/service/creative-branding/,service/creative-branding/index.html,200,e1c6de450701c1a2aefe03d414b406d43d0bef463b87f86e9cc13c9f09cc02d0
https://floka.casethemes.net/service/email-marketing-campaigns/,service/email-marketing-campaigns/index.html,200,8df53d96d7360fcdd952ecbeee187c7c2c7c45ae7786548dc52bab2fd3161525
https://floka.casethemes.net/service/game-design/,service/game-design/index.html,200,f6ce55705436d586956c583add51ee0acd17b5b1d6c4c35ad494fbd8f05c14c0
https://floka.casethemes.net/service/intro-service/,service/intro-service/index.html,200,dd51b05018447aaadf10b2a01850df146bdb18930945a5c44a2fb7b6a6fe6f3e
https://floka.casethemes.net/service/seo-marketing/,service/seo-marketing/index.html,200,dafdcaf1e9959aa1609a398d5a7ce906fbc5bdbe4db8d36759ce65c1f270cd21
https://floka.casethemes.net/service/social-media-strategy/,service/social-media-strategy/index.html,200,d163f56a97f59fa0dbe519ecd977b60e5f440804b38212e39b9cefcfcb15e83a
https://floka.casethemes.net/service/ui-ux-design/,service/ui-ux-design/index.html,200,8636c7fc1cf95e2f4ff1c48a4b264a5fa202dcebd02784e87b42b1b78b7e082f
https://floka.casethemes.net/service/we-bring-your-strategy-to-life-solving-complex-digital-challenges/,service/we-bring-your-strategy-to-life-solving-complex-digital-challenges/index.html,200,d1eed041bfb41a43494d4d02dcf05a224186fd50f620084409016929bc568b3c
https://floka.casethemes.net/service/we-design-remarkable-experiences-by-carving-unique-online-voices/,service/we-design-remarkable-experiences-by-carving-unique-online-voices/index.html,200,8517b8dcfac52943a7ca25d37b9cba10f5b8f40439fec0f506d2a117b3b1cd3f
https://floka.casethemes.net/service/we-magnify-your-creative-north-star-with-top-tier-focused-content/,service/we-magnify-your-creative-north-star-with-top-tier-focused-content/index.html,200,83b972d48e62cb814de37e374fcfe157259086448aab72c849f7c72b397d1df3
https://floka.casethemes.net/service/we-transform-your-strategy-into-impactful-solutions-solving-copy/,service/we-transform-your-strategy-into-impactful-solutions-solving-copy/index.html,200,4d41ee612d9108bf2fb3a4f7de79949aa61f61640ea8cd019105dbdc722a2e8d
https://floka.casethemes.net/service/we-transform-your-strategy-into-impactful-solutions-solving/,service/we-transform-your-strategy-into-impactful-solutions-solving/index.html,200,cea619ad29d1c313ebd7d4abb18556857a32585de23cf127f1d0b6af1c7ae021
https://floka.casethemes.net/service/we-turn-your-strategy-into-action-tackling-complex-digital-challenges/,service/we-turn-your-strategy-into-action-tackling-complex-digital-challenges/index.html,200,414ec40fcc49c8ea59133aeeed94d52346d85a0d26ffb42042128c8352852a10
https://floka.casethemes.net/shop/,shop/index.html,200,c4f28eddbfc2615e80a5b1451f383722f17984875a1c9477b8e80c91c157bc04
https://floka.casethemes.net/shop/page/1/,shop/page/1/index.html,200,c4f28eddbfc2615e80a5b1451f383722f17984875a1c9477b8e80c91c157bc04
https://floka.casethemes.net/shop/page/2/,shop/page/2/index.html,200,c676807c7d917fd6c8432035ecdf9f85eb7c6b5101274ae0d079c9a9cea91e8d
https://floka.casethemes.net/tag/architecture/,tag/architecture/index.html,200,84ab0f35503a2ea4cb7e991feade973ef953ecb9376172528cdcfee17df8f996
https://floka.casethemes.net/tag/architecture/page/2/,tag/architecture/page/2/index.html,200,69da1c31658b9753fefbd5a704002f087a3b56ed44460972df049597e5a0b428
https://floka.casethemes.net/tag/architecture/page/3/,tag/architecture/page/3/index.html,200,d8df8078b18dff604fb89a0e4264f88b3a77e9b95674c42320b6c49c36b749c6
https://floka.casethemes.net/tag/architecture/page/4/,tag/architecture/page/4/index.html,200,ffbf6cb1dc1580767a262996d2b89614f83f9b4dc9784f8b86a213894d53dbda
https://floka.casethemes.net/tag/architecture/page/5/,tag/architecture/page/5/index.html,200,177f32d3b1f4bbc25c99f00f00e965d4617c0225db3556feef3f8c4dfccc7914
https://floka.casethemes.net/tag/construction/,tag/construction/index.html,200,149127e5ae78060592b211f8ce3cb98185d2902595e6828baa28b938f72be2c0
https://floka.casethemes.net/tag/construction/page/2/,tag/construction/page/2/index.html,200,cc299b3220a30ed31e64e815919f7abea8c277fb7bb4c69ae4700054f4adc739
https://floka.casethemes.net/tag/construction/page/3/,tag/construction/page/3/index.html,200,872e9ff7fdfd38f0f970dc40b15432e7a28506b22e549695d91aea1c722e052f
https://floka.casethemes.net/tag/construction/page/4/,tag/construction/page/4/index.html,200,0f9bd02adfa8e40369135e93c6be59ea9413c55c2fb13af286b602e04680e8d9
https://floka.casethemes.net/tag/construction/page/5/,tag/construction/page/5/index.html,200,2502d37697f83b2c2d397cbdda2fcf5297c67db30b81e9f721270f88199336bb
https://floka.casethemes.net/tag/design/,tag/design/index.html,200,f63ab11605d4910f0886c637634b94b774544d80ad2199b5a8baf8746587959e
https://floka.casethemes.net/tag/design/page/2/,tag/design/page/2/index.html,200,6e4d6d2c9e235fba31d068cc99b1c5cf6bd141cb3f1001e9429712cbf17a3c85
https://floka.casethemes.net/tag/design/page/3/,tag/design/page/3/index.html,200,aaf17e735d95b5a610580554379eaf2c37b611ecb0a27072c1e9c170e9af0d79
https://floka.casethemes.net/tag/design/page/4/,tag/design/page/4/index.html,200,457b1fe586b50ff6ea2d9209f82b969ccb9bb7fb8e581de7bc8e69d55831fbb0
https://floka.casethemes.net/tag/design/page/5/,tag/design/page/5/index.html,200,f6743eb63ccb97af37fce702036871bf1cbc7f269ff1d72a2888640dff6b6f9d
https://floka.casethemes.net/tag/interior/,tag/interior/index.html,200,079bcbefe950af9b62c3683049b12fc04818680a570fcf154b6e99c97eb76bc3
https://floka.casethemes.net/tag/interior/page/2/,tag/interior/page/2/index.html,200,37915df8f490001336f69bf2e7bc741019acb46ffdfea326827447e81330a8db
https://floka.casethemes.net/tag/interior/page/3/,tag/interior/page/3/index.html,200,3dbcc33291872a7f7d2b2ea443fa47c95041609f8c7ae9229203a7268ff735a6
https://floka.casethemes.net/tag/interior/page/4/,tag/interior/page/4/index.html,200,7b8cf384e80273f606f81330c5aabe7031aacec7569d2e2ecea69c42a96b6655
https://floka.casethemes.net/tag/rebuild/,tag/rebuild/index.html,200,300e2e26c0c081e3ec0eab87d0a795349c51eb5eb9613547bd4b2e09d55ca801
https://floka.casethemes.net/tag/renovation/,tag/renovation/index.html,200,27def45562767d2eb5f5b182f3f3c4b8c6d68282b5ac05a11e2aecca7898ca11
https://floka.casethemes.net/tag/soil/,tag/soil/index.html,200,36414340930b1bb9fc0271b47474fe26a231d32849e20b7e4477e3c40a5b31e2
https://floka.casethemes.net/team-details/,team-details/index.html,200,2181514e95a72f753aa30905041dcb386684171e8f2b6caf7d52893dd6f42276
https://floka.casethemes.net/the-digital-experiences-we-offer-end-to-end/,the-digital-experiences-we-offer-end-to-end/index.html,200,f1250ce258085eb99c01c7a08ef9fa1efe4c34c7631ad6569a6070528af7c6b0
https://floka.casethemes.net/the-digital-experiences-we-offer-end-to-end/behance.net,the-digital-experiences-we-offer-end-to-end/behance.net/index.html,404,0ef26f7e94aca662394a7b6ac0daf00ec15e6a4f8755fed1e555fc067c0fe0de
https://floka.casethemes.net/your-brand-for-impact-with-deep-market-insights/,your-brand-for-impact-with-deep-market-insights/index.html,200,4d68d24d81b8e42fcc24c2f4ebbe7e66d6a0173b971e438fa770b61c597a6f19
https://floka.casethemes.net/your-brand-for-impact-with-deep-market-insights/behance.net,your-brand-for-impact-with-deep-market-insights/behance.net/index.html,404,38aaa654282e9039ee1f8abba1ed13e9865d31188c1287c1008a37df36ff66b1
